[{"model": "admin.logentry", "pk": 1, "fields": {"action_time": "2024-10-23T21:32:30.145Z", "user": 1, "content_type": 9, "object_id": "2", "object_repr": "every 10 seconds", "action_flag": 3, "change_message": ""}}, {"model": "admin.logentry", "pk": 2, "fields": {"action_time": "2024-10-23T21:32:30.145Z", "user": 1, "content_type": 9, "object_id": "1", "object_repr": "every 10 seconds", "action_flag": 3, "change_message": ""}}, {"model": "auth.permission", "pk": 1, "fields": {"name": "Can add log entry", "content_type": 1, "codename": "add_logentry"}}, {"model": "auth.permission", "pk": 2, "fields": {"name": "Can change log entry", "content_type": 1, "codename": "change_logentry"}}, {"model": "auth.permission", "pk": 3, "fields": {"name": "Can delete log entry", "content_type": 1, "codename": "delete_logentry"}}, {"model": "auth.permission", "pk": 4, "fields": {"name": "Can view log entry", "content_type": 1, "codename": "view_logentry"}}, {"model": "auth.permission", "pk": 5, "fields": {"name": "Can add permission", "content_type": 2, "codename": "add_permission"}}, {"model": "auth.permission", "pk": 6, "fields": {"name": "Can change permission", "content_type": 2, "codename": "change_permission"}}, {"model": "auth.permission", "pk": 7, "fields": {"name": "Can delete permission", "content_type": 2, "codename": "delete_permission"}}, {"model": "auth.permission", "pk": 8, "fields": {"name": "Can view permission", "content_type": 2, "codename": "view_permission"}}, {"model": "auth.permission", "pk": 9, "fields": {"name": "Can add group", "content_type": 3, "codename": "add_group"}}, {"model": "auth.permission", "pk": 10, "fields": {"name": "Can change group", "content_type": 3, "codename": "change_group"}}, {"model": "auth.permission", "pk": 11, "fields": {"name": "Can delete group", "content_type": 3, "codename": "delete_group"}}, {"model": "auth.permission", "pk": 12, "fields": {"name": "Can view group", "content_type": 3, "codename": "view_group"}}, {"model": "auth.permission", "pk": 13, "fields": {"name": "Can add content type", "content_type": 4, "codename": "add_contenttype"}}, {"model": "auth.permission", "pk": 14, "fields": {"name": "Can change content type", "content_type": 4, "codename": "change_contenttype"}}, {"model": "auth.permission", "pk": 15, "fields": {"name": "Can delete content type", "content_type": 4, "codename": "delete_contenttype"}}, {"model": "auth.permission", "pk": 16, "fields": {"name": "Can view content type", "content_type": 4, "codename": "view_contenttype"}}, {"model": "auth.permission", "pk": 17, "fields": {"name": "Can add session", "content_type": 5, "codename": "add_session"}}, {"model": "auth.permission", "pk": 18, "fields": {"name": "Can change session", "content_type": 5, "codename": "change_session"}}, {"model": "auth.permission", "pk": 19, "fields": {"name": "Can delete session", "content_type": 5, "codename": "delete_session"}}, {"model": "auth.permission", "pk": 20, "fields": {"name": "Can view session", "content_type": 5, "codename": "view_session"}}, {"model": "auth.permission", "pk": 21, "fields": {"name": "Can add Пользователь", "content_type": 6, "codename": "add_user"}}, {"model": "auth.permission", "pk": 22, "fields": {"name": "Can change Пользователь", "content_type": 6, "codename": "change_user"}}, {"model": "auth.permission", "pk": 23, "fields": {"name": "Can delete Пользователь", "content_type": 6, "codename": "delete_user"}}, {"model": "auth.permission", "pk": 24, "fields": {"name": "Can view Пользователь", "content_type": 6, "codename": "view_user"}}, {"model": "auth.permission", "pk": 25, "fields": {"name": "Can add Полезная привычка", "content_type": 7, "codename": "add_habits"}}, {"model": "auth.permission", "pk": 26, "fields": {"name": "Can change Полезная привычка", "content_type": 7, "codename": "change_habits"}}, {"model": "auth.permission", "pk": 27, "fields": {"name": "Can delete Полезная привычка", "content_type": 7, "codename": "delete_habits"}}, {"model": "auth.permission", "pk": 28, "fields": {"name": "Can view Полезная привычка", "content_type": 7, "codename": "view_habits"}}, {"model": "auth.permission", "pk": 29, "fields": {"name": "Can add crontab", "content_type": 8, "codename": "add_crontabschedule"}}, {"model": "auth.permission", "pk": 30, "fields": {"name": "Can change crontab", "content_type": 8, "codename": "change_crontabschedule"}}, {"model": "auth.permission", "pk": 31, "fields": {"name": "Can delete crontab", "content_type": 8, "codename": "delete_crontabschedule"}}, {"model": "auth.permission", "pk": 32, "fields": {"name": "Can view crontab", "content_type": 8, "codename": "view_crontabschedule"}}, {"model": "auth.permission", "pk": 33, "fields": {"name": "Can add interval", "content_type": 9, "codename": "add_intervalschedule"}}, {"model": "auth.permission", "pk": 34, "fields": {"name": "Can change interval", "content_type": 9, "codename": "change_intervalschedule"}}, {"model": "auth.permission", "pk": 35, "fields": {"name": "Can delete interval", "content_type": 9, "codename": "delete_intervalschedule"}}, {"model": "auth.permission", "pk": 36, "fields": {"name": "Can view interval", "content_type": 9, "codename": "view_intervalschedule"}}, {"model": "auth.permission", "pk": 37, "fields": {"name": "Can add periodic task", "content_type": 10, "codename": "add_periodictask"}}, {"model": "auth.permission", "pk": 38, "fields": {"name": "Can change periodic task", "content_type": 10, "codename": "change_periodictask"}}, {"model": "auth.permission", "pk": 39, "fields": {"name": "Can delete periodic task", "content_type": 10, "codename": "delete_periodictask"}}, {"model": "auth.permission", "pk": 40, "fields": {"name": "Can view periodic task", "content_type": 10, "codename": "view_periodictask"}}, {"model": "auth.permission", "pk": 41, "fields": {"name": "Can add periodic task track", "content_type": 11, "codename": "add_periodictasks"}}, {"model": "auth.permission", "pk": 42, "fields": {"name": "Can change periodic task track", "content_type": 11, "codename": "change_periodictasks"}}, {"model": "auth.permission", "pk": 43, "fields": {"name": "Can delete periodic task track", "content_type": 11, "codename": "delete_periodictasks"}}, {"model": "auth.permission", "pk": 44, "fields": {"name": "Can view periodic task track", "content_type": 11, "codename": "view_periodictasks"}}, {"model": "auth.permission", "pk": 45, "fields": {"name": "Can add solar event", "content_type": 12, "codename": "add_solarschedule"}}, {"model": "auth.permission", "pk": 46, "fields": {"name": "Can change solar event", "content_type": 12, "codename": "change_solarschedule"}}, {"model": "auth.permission", "pk": 47, "fields": {"name": "Can delete solar event", "content_type": 12, "codename": "delete_solarschedule"}}, {"model": "auth.permission", "pk": 48, "fields": {"name": "Can view solar event", "content_type": 12, "codename": "view_solarschedule"}}, {"model": "auth.permission", "pk": 49, "fields": {"name": "Can add clocked", "content_type": 13, "codename": "add_clockedschedule"}}, {"model": "auth.permission", "pk": 50, "fields": {"name": "Can change clocked", "content_type": 13, "codename": "change_clockedschedule"}}, {"model": "auth.permission", "pk": 51, "fields": {"name": "Can delete clocked", "content_type": 13, "codename": "delete_clockedschedule"}}, {"model": "auth.permission", "pk": 52, "fields": {"name": "Can view clocked", "content_type": 13, "codename": "view_clockedschedule"}}, {"model": "contenttypes.contenttype", "pk": 1, "fields": {"app_label": "admin", "model": "logentry"}}, {"model": "contenttypes.contenttype", "pk": 2, "fields": {"app_label": "auth", "model": "permission"}}, {"model": "contenttypes.contenttype", "pk": 3, "fields": {"app_label": "auth", "model": "group"}}, {"model": "contenttypes.contenttype", "pk": 4, "fields": {"app_label": "contenttypes", "model": "contenttype"}}, {"model": "contenttypes.contenttype", "pk": 5, "fields": {"app_label": "sessions", "model": "session"}}, {"model": "contenttypes.contenttype", "pk": 6, "fields": {"app_label": "users", "model": "user"}}, {"model": "contenttypes.contenttype", "pk": 7, "fields": {"app_label": "habits", "model": "habits"}}, {"model": "contenttypes.contenttype", "pk": 8, "fields": {"app_label": "django_celery_beat", "model": "crontabschedule"}}, {"model": "contenttypes.contenttype", "pk": 9, "fields": {"app_label": "django_celery_beat", "model": "intervalschedule"}}, {"model": "contenttypes.contenttype", "pk": 10, "fields": {"app_label": "django_celery_beat", "model": "periodictask"}}, {"model": "contenttypes.contenttype", "pk": 11, "fields": {"app_label": "django_celery_beat", "model": "periodictasks"}}, {"model": "contenttypes.contenttype", "pk": 12, "fields": {"app_label": "django_celery_beat", "model": "solarschedule"}}, {"model": "contenttypes.contenttype", "pk": 13, "fields": {"app_label": "django_celery_beat", "model": "clockedschedule"}}, {"model": "sessions.session", "pk": "hr6jwy0isf9ykl7i4wzp6m7m8z65bghb", "fields": {"session_data": ".eJxVjDEOwjAMRe-SGUVxKbHNyM4ZIsdxaQG1UtNOiLtDpQ6w_vfef7kk69KntdqchuLODtzhd8uiDxs3UO4y3iav07jMQ_ab4nda_XUq9rzs7t9BL7X_1nxqtMMQQg7CRMIdx6MSQ0SBYMCttcIWERREc9EGC2QyQeqIGnTvD9BKN7U:1t3hiO:Uh5n_E8-kBnes-_LBlD-92MssIt5cX2N8vpWMNW3VJ0", "expire_date": "2024-11-06T20:12:20.898Z"}}, {"model": "users.user", "pk": 1, "fields": {"password": "pbkdf2_sha256$870000$Ebv7BPaM2OW7ORKKVRhl6z$VQEUBv28+kP5fp+YG/FqEFBFHVFr0UTgyzKgQmbP6P4=", "last_login": "2024-10-23T20:12:20.880Z", "is_superuser": true, "first_name": "", "last_name": "", "is_staff": true, "is_active": true, "date_joined": "2024-10-20T20:52:00.046Z", "email": "admin@admin.ru", "tg_chat_id": "257930774", "groups": [], "user_permissions": []}}, {"model": "users.user", "pk": 2, "fields": {"password": "pbkdf2_sha256$870000$GWffQFSGK8se6CR6HVQ4bL$Ou+vtupEY30d8uRQc8YNHCtmo//SA2dzIfr5/uPxvHA=", "last_login": null, "is_superuser": false, "first_name": "", "last_name": "", "is_staff": false, "is_active": true, "date_joined": "2024-10-20T20:53:18.046Z", "email": "user1@user.ru", "tg_chat_id": "257930774", "groups": [], "user_permissions": []}}, {"model": "users.user", "pk": 3, "fields": {"password": "pbkdf2_sha256$870000$82pWlvsv8oP8FFPj34SNgh$JECPmNsjwStVlyK6XTQDdyVy+oC5T+ebKgHk3Vj0z0c=", "last_login": null, "is_superuser": false, "first_name": "", "last_name": "", "is_staff": false, "is_active": true, "date_joined": "2024-10-21T17:23:14.001Z", "email": "user2@user.ru", "tg_chat_id": "257930774", "groups": [], "user_permissions": []}}, {"model": "habits.habits", "pk": 1, "fields": {"user": 2, "place": null, "time": null, "action": "побегать", "is_enjoined": false, "related_habit": null, "periodic": null, "award": null, "time_action": 110, "is_public": false}}, {"model": "habits.habits", "pk": 2, "fields": {"user": 2, "place": null, "time": null, "action": "отжаться", "is_enjoined": false, "related_habit": null, "periodic": null, "award": null, "time_action": null, "is_public": false}}, {"model": "habits.habits", "pk": 3, "fields": {"user": 2, "place": null, "time": null, "action": "полежать", "is_enjoined": true, "related_habit": null, "periodic": null, "award": null, "time_action": null, "is_public": true}}, {"model": "habits.habits", "pk": 4, "fields": {"user": 2, "place": null, "time": null, "action": "уборка", "is_enjoined": false, "related_habit": 3, "periodic": null, "award": null, "time_action": null, "is_public": false}}, {"model": "habits.habits", "pk": 5, "fields": {"user": 2, "place": null, "time": null, "action": "вкусить пирога", "is_enjoined": true, "related_habit": null, "periodic": null, "award": null, "time_action": null, "is_public": true}}, {"model": "habits.habits", "pk": 6, "fields": {"user": 2, "place": null, "time": null, "action": "тренировка памяти", "is_enjoined": false, "related_habit": null, "periodic": 24, "award": null, "time_action": null, "is_public": false}}, {"model": "habits.habits", "pk": 7, "fields": {"user": 3, "place": null, "time": null, "action": "пропылесосить", "is_enjoined": false, "related_habit": null, "periodic": null, "award": null, "time_action": null, "is_public": false}}, {"model": "habits.habits", "pk": 46, "fields": {"user": null, "place": "home", "time": "22:46:00", "action": "action_test17", "is_enjoined": false, "related_habit": null, "periodic": 10, "award": null, "time_action": null, "is_public": false}}, {"model": "habits.habits", "pk": 47, "fields": {"user": 3, "place": "home", "time": "22:48:00", "action": "action_test18", "is_enjoined": false, "related_habit": null, "periodic": 10, "award": null, "time_action": null, "is_public": false}}, {"model": "habits.habits", "pk": 48, "fields": {"user": 3, "place": "home", "time": "19:53:00", "action": "action_test1", "is_enjoined": false, "related_habit": null, "periodic": 10, "award": null, "time_action": null, "is_public": false}}, {"model": "habits.habits", "pk": 49, "fields": {"user": 3, "place": "home", "time": "23:28:00", "action": "action_test2", "is_enjoined": false, "related_habit": null, "periodic": 10, "award": null, "time_action": null, "is_public": false}}, {"model": "django_celery_beat.intervalschedule", "pk": 3, "fields": {"every": 10, "period": "seconds"}}, {"model": "django_celery_beat.intervalschedule", "pk": 4, "fields": {"every": 10, "period": "seconds"}}, {"model": "django_celery_beat.intervalschedule", "pk": 5, "fields": {"every": 120, "period": "seconds"}}, {"model": "django_celery_beat.intervalschedule", "pk": 6, "fields": {"every": 120, "period": "seconds"}}, {"model": "django_celery_beat.intervalschedule", "pk": 7, "fields": {"every": 120, "period": "seconds"}}, {"model": "django_celery_beat.intervalschedule", "pk": 8, "fields": {"every": 120, "period": "seconds"}}, {"model": "django_celery_beat.intervalschedule", "pk": 9, "fields": {"every": 120, "period": "seconds"}}, {"model": "django_celery_beat.intervalschedule", "pk": 10, "fields": {"every": 30, "period": "seconds"}}, {"model": "django_celery_beat.intervalschedule", "pk": 11, "fields": {"every": 30, "period": "seconds"}}, {"model": "django_celery_beat.intervalschedule", "pk": 12, "fields": {"every": 30, "period": "seconds"}}, {"model": "django_celery_beat.intervalschedule", "pk": 13, "fields": {"every": 30, "period": "seconds"}}, {"model": "django_celery_beat.intervalschedule", "pk": 14, "fields": {"every": 30, "period": "seconds"}}, {"model": "django_celery_beat.intervalschedule", "pk": 15, "fields": {"every": 30, "period": "seconds"}}, {"model": "django_celery_beat.intervalschedule", "pk": 16, "fields": {"every": 30, "period": "seconds"}}, {"model": "django_celery_beat.intervalschedule", "pk": 17, "fields": {"every": 30, "period": "seconds"}}, {"model": "django_celery_beat.intervalschedule", "pk": 18, "fields": {"every": 30, "period": "seconds"}}, {"model": "django_celery_beat.intervalschedule", "pk": 19, "fields": {"every": 30, "period": "seconds"}}, {"model": "django_celery_beat.intervalschedule", "pk": 20, "fields": {"every": 30, "period": "seconds"}}, {"model": "django_celery_beat.intervalschedule", "pk": 21, "fields": {"every": 30, "period": "seconds"}}, {"model": "django_celery_beat.intervalschedule", "pk": 22, "fields": {"every": 30, "period": "seconds"}}, {"model": "django_celery_beat.intervalschedule", "pk": 23, "fields": {"every": 30, "period": "seconds"}}, {"model": "django_celery_beat.intervalschedule", "pk": 24, "fields": {"every": 30, "period": "seconds"}}, {"model": "django_celery_beat.intervalschedule", "pk": 25, "fields": {"every": 30, "period": "seconds"}}, {"model": "django_celery_beat.crontabschedule", "pk": 1, "fields": {"minute": "0", "hour": "4", "day_of_month": "*", "month_of_year": "*", "day_of_week": "*", "timezone": "UTC"}}, {"model": "django_celery_beat.crontabschedule", "pk": 2, "fields": {"minute": "0", "hour": "4", "day_of_month": "*", "month_of_year": "*", "day_of_week": "*", "timezone": "Europe/Moscow"}}, {"model": "django_celery_beat.periodictasks", "pk": 1, "fields": {"last_update": "2024-10-24T20:27:47.224Z"}}, {"model": "django_celery_beat.periodictask", "pk": 26, "fields": {"name": "action_test1", "task": "habits.tasks.send_tg_message", "interval": 24, "crontab": null, "solar": null, "clocked": null, "args": "[\"257930774\", \"\\u044f \\u0431\\u0443\\u0434\\u0443 action_test1 \\u0432 19:53:00 \\u0432 home\"]", "kwargs": "{}", "queue": null, "exchange": null, "routing_key": null, "headers": "{}", "priority": null, "expires": null, "expire_seconds": null, "one_off": false, "start_time": "2024-10-24T19:53:00Z", "enabled": true, "last_run_at": "2024-10-24T20:28:17.363Z", "total_run_count": 4, "date_changed": "2024-10-24T20:28:35.667Z", "description": ""}}, {"model": "django_celery_beat.periodictask", "pk": 27, "fields": {"name": "celery.backend_cleanup", "task": "celery.backend_cleanup", "interval": null, "crontab": 2, "solar": null, "clocked": null, "args": "[]", "kwargs": "{}", "queue": null, "exchange": null, "routing_key": null, "headers": "{}", "priority": null, "expires": null, "expire_seconds": 43200, "one_off": false, "start_time": null, "enabled": true, "last_run_at": null, "total_run_count": 0, "date_changed": "2024-10-24T20:27:47.224Z", "description": ""}}, {"model": "django_celery_beat.periodictask", "pk": 28, "fields": {"name": "action_test2", "task": "habits.tasks.send_tg_message", "interval": 25, "crontab": null, "solar": null, "clocked": null, "args": "[\"257930774\", \"\\u044f \\u0431\\u0443\\u0434\\u0443 action_test2 \\u0432 23:28:00 \\u0432 home\"]", "kwargs": "{}", "queue": null, "exchange": null, "routing_key": null, "headers": "{}", "priority": null, "expires": null, "expire_seconds": null, "one_off": false, "start_time": "2024-10-24T20:28:00Z", "enabled": true, "last_run_at": "2024-10-24T20:28:30.521Z", "total_run_count": 2, "date_changed": "2024-10-24T20:28:35.632Z", "description": ""}}]